{
  "input": {
    "pred_csv": "D:\\My Drive\\moseq_proj\\data\\videos\\test\\outputs\\predictions\\sc04_d3_10mintest_of_tcn_predictions.csv",
    "gt_col": "human_labeled_state",
    "pred_col": "tcn_final",
    "fps": 30.0,
    "ignore_label": -1,
    "iou_thr": 0.1,
    "tol_frames": [
      1,
      3,
      5
    ],
    "n_frames_total": 14761,
    "n_frames_used": 14761
  },
  "bout_metrics": {
    "overall": {
      "TP": 111,
      "FP": 57,
      "FN": 51,
      "precision": 0.6607142857142857,
      "recall": 0.6851851851851852,
      "f1": 0.6727272727272727,
      "mean_iou": 0.607345215469546,
      "weighted_mean_iou": 0.627801992016651,
      "gt_bouts": 162,
      "pred_bouts": 168,
      "iou_thr": 0.1
    },
    "per_class": {
      "0": {
        "TP": 11,
        "FP": 3,
        "FN": 14,
        "precision": 0.7857142857142857,
        "recall": 0.44,
        "f1": 0.5641025641025641,
        "mean_iou": 0.49134531504621626,
        "gt_bouts": 25,
        "pred_bouts": 14
      },
      "1": {
        "TP": 19,
        "FP": 6,
        "FN": 6,
        "precision": 0.76,
        "recall": 0.76,
        "f1": 0.76,
        "mean_iou": 0.5639521192573297,
        "gt_bouts": 25,
        "pred_bouts": 25
      },
      "2": {
        "TP": 0,
        "FP": 0,
        "FN": 0,
        "precision": 0.0,
        "recall": 0.0,
        "f1": 0.0,
        "mean_iou": 0.0,
        "gt_bouts": 0,
        "pred_bouts": 0
      },
      "3": {
        "TP": 43,
        "FP": 21,
        "FN": 15,
        "precision": 0.671875,
        "recall": 0.7413793103448276,
        "f1": 0.7049180327868853,
        "mean_iou": 0.6191071390686688,
        "gt_bouts": 58,
        "pred_bouts": 64
      },
      "4": {
        "TP": 35,
        "FP": 21,
        "FN": 15,
        "precision": 0.625,
        "recall": 0.7,
        "f1": 0.6603773584905661,
        "mean_iou": 0.655789833126801,
        "gt_bouts": 50,
        "pred_bouts": 56
      },
      "5": {
        "TP": 3,
        "FP": 6,
        "FN": 1,
        "precision": 0.3333333333333333,
        "recall": 0.75,
        "f1": 0.46153846153846156,
        "mean_iou": 0.5737263487770586,
        "gt_bouts": 4,
        "pred_bouts": 9
      }
    }
  },
  "transition_tolerance": [
    {
      "tol_frames": 1,
      "gt_transitions": 161,
      "pred_transitions": 167,
      "correct": 15,
      "precision": 0.08982035928143713,
      "recall": 0.09316770186335403,
      "f1": 0.09146341463414634
    },
    {
      "tol_frames": 3,
      "gt_transitions": 161,
      "pred_transitions": 167,
      "correct": 27,
      "precision": 0.16167664670658682,
      "recall": 0.16770186335403728,
      "f1": 0.1646341463414634
    },
    {
      "tol_frames": 5,
      "gt_transitions": 161,
      "pred_transitions": 167,
      "correct": 36,
      "precision": 0.2155688622754491,
      "recall": 0.2236024844720497,
      "f1": 0.21951219512195122
    }
  ],
  "frame_confusion_counts": [
    [
      181,
      108,
      0,
      494,
      134,
      0
    ],
    [
      7,
      851,
      0,
      697,
      67,
      0
    ],
    [
      0,
      0,
      0,
      0,
      0,
      0
    ],
    [
      57,
      63,
      0,
      6895,
      436,
      73
    ],
    [
      6,
      28,
      0,
      1524,
      1978,
      125
    ],
    [
      0,
      0,
      0,
      46,
      289,
      702
    ]
  ],
  "frame_confusion_row_normalized": [
    [
      0.19738276990185388,
      0.11777535441657579,
      0.0,
      0.5387131952017448,
      0.14612868047982552,
      0.0
    ],
    [
      0.004315659679408138,
      0.5246609124537608,
      0.0,
      0.42971639950678175,
      0.04130702836004932,
      0.0
    ],
    [
      0.0,
      0.0,
      0.0,
      0.0,
      0.0,
      0.0
    ],
    [
      0.007575757575757576,
      0.008373205741626795,
      0.0,
      0.9164008506113769,
      0.057947900053163214,
      0.009702286018075492
    ],
    [
      0.0016388964763725759,
      0.0076481835564053535,
      0.0,
      0.41627970499863426,
      0.5402895383774925,
      0.03414367659109533
    ],
    [
      0.0,
      0.0,
      0.0,
      0.044358727097396335,
      0.2786885245901639,
      0.6769527483124397
    ]
  ]
}