class_id,class,gt_bouts,pred_bouts,TP,FP,FN,precision,recall,f1,mean_iou
0,turn,25,14,11,3,14,0.7857142857142857,0.44,0.5641025641025641,0.49134531504621626
1,forward,25,25,19,6,6,0.76,0.76,0.76,0.5639521192573297
2,still,0,0,0,0,0,0.0,0.0,0.0,0.0
3,explore,58,64,43,21,15,0.671875,0.7413793103448276,0.7049180327868853,0.6191071390686688
4,rear,50,56,35,21,15,0.625,0.7,0.6603773584905661,0.655789833126801
5,groom,4,9,3,6,1,0.3333333333333333,0.75,0.46153846153846156,0.5737263487770586
